job_id,session_id,signal_scope,current_step,current_episode,current_vehicles,best_reward,latest_reward,average_wait_time,congestion_score,stopped_vehicles,checkpoint_path,model_output_dir,created_at_utc
training:a6b0c2e57ec441ab9999a3fefb776b11,session:5405cb0d82b543368db587f5ef226833,all_intersections,0,0,60,,,0.0,0.0,0,/Users/andrey/Documents/projects/UrbanFlow-AI/data/models/tls_all_intersections/runs/training_a6b0c2e57ec441ab9999a3fefb776b11/checkpoints/best_model.json,/Users/andrey/Documents/projects/UrbanFlow-AI/data/models/tls_all_intersections/runs/training_a6b0c2e57ec441ab9999a3fefb776b11,2026-06-27T19:31:46.214762+00:00
training:a6b0c2e57ec441ab9999a3fefb776b11,session:5405cb0d82b543368db587f5ef226833,all_intersections,1,0,60,1582.55078607504,1582.55078607504,0.0,0.0,0,/Users/andrey/Documents/projects/UrbanFlow-AI/data/models/tls_all_intersections/runs/training_a6b0c2e57ec441ab9999a3fefb776b11/checkpoints/best_model.json,/Users/andrey/Documents/projects/UrbanFlow-AI/data/models/tls_all_intersections/runs/training_a6b0c2e57ec441ab9999a3fefb776b11,2026-06-27T19:31:52.223267+00:00
training:a6b0c2e57ec441ab9999a3fefb776b11,session:5405cb0d82b543368db587f5ef226833,all_intersections,10,0,60,1582.55078607504,1453.9618452645225,0.32,0.317,19,/Users/andrey/Documents/projects/UrbanFlow-AI/data/models/tls_all_intersections/runs/training_a6b0c2e57ec441ab9999a3fefb776b11/checkpoints/best_model.json,/Users/andrey/Documents/projects/UrbanFlow-AI/data/models/tls_all_intersections/runs/training_a6b0c2e57ec441ab9999a3fefb776b11,2026-06-27T19:32:01.427128+00:00
training:a6b0c2e57ec441ab9999a3fefb776b11,session:5405cb0d82b543368db587f5ef226833,all_intersections,20,0,60,1582.55078607504,1244.175632051106,0.7,0.7,42,/Users/andrey/Documents/projects/UrbanFlow-AI/data/models/tls_all_intersections/runs/training_a6b0c2e57ec441ab9999a3fefb776b11/checkpoints/best_model.json,/Users/andrey/Documents/projects/UrbanFlow-AI/data/models/tls_all_intersections/runs/training_a6b0c2e57ec441ab9999a3fefb776b11,2026-06-27T19:32:11.621156+00:00
training:a6b0c2e57ec441ab9999a3fefb776b11,session:5405cb0d82b543368db587f5ef226833,all_intersections,30,0,60,1582.55078607504,1366.074331716699,0.42,0.417,25,/Users/andrey/Documents/projects/UrbanFlow-AI/data/models/tls_all_intersections/runs/training_a6b0c2e57ec441ab9999a3fefb776b11/checkpoints/best_model.json,/Users/andrey/Documents/projects/UrbanFlow-AI/data/models/tls_all_intersections/runs/training_a6b0c2e57ec441ab9999a3fefb776b11,2026-06-27T19:32:24.710719+00:00
training:a6b0c2e57ec441ab9999a3fefb776b11,session:5405cb0d82b543368db587f5ef226833,all_intersections,40,0,60,1582.55078607504,1163.974435778829,0.82,0.817,49,/Users/andrey/Documents/projects/UrbanFlow-AI/data/models/tls_all_intersections/runs/training_a6b0c2e57ec441ab9999a3fefb776b11/checkpoints/best_model.json,/Users/andrey/Documents/projects/UrbanFlow-AI/data/models/tls_all_intersections/runs/training_a6b0c2e57ec441ab9999a3fefb776b11,2026-06-27T19:32:47.759166+00:00
training:a6b0c2e57ec441ab9999a3fefb776b11,session:5405cb0d82b543368db587f5ef226833,all_intersections,50,0,60,1582.55078607504,1398.5348029526601,0.28,0.283,17,/Users/andrey/Documents/projects/UrbanFlow-AI/data/models/tls_all_intersections/runs/training_a6b0c2e57ec441ab9999a3fefb776b11/checkpoints/best_model.json,/Users/andrey/Documents/projects/UrbanFlow-AI/data/models/tls_all_intersections/runs/training_a6b0c2e57ec441ab9999a3fefb776b11,2026-06-27T19:33:11.213482+00:00
training:a6b0c2e57ec441ab9999a3fefb776b11,session:5405cb0d82b543368db587f5ef226833,all_intersections,60,0,60,1582.55078607504,1217.8389993699768,0.67,0.667,40,/Users/andrey/Documents/projects/UrbanFlow-AI/data/models/tls_all_intersections/runs/training_a6b0c2e57ec441ab9999a3fefb776b11/checkpoints/best_model.json,/Users/andrey/Documents/projects/UrbanFlow-AI/data/models/tls_all_intersections/runs/training_a6b0c2e57ec441ab9999a3fefb776b11,2026-06-27T19:33:47.256464+00:00
training:a6b0c2e57ec441ab9999a3fefb776b11,session:5405cb0d82b543368db587f5ef226833,all_intersections,70,0,60,1582.55078607504,1368.4322198996474,0.43,0.433,26,/Users/andrey/Documents/projects/UrbanFlow-AI/data/models/tls_all_intersections/runs/training_a6b0c2e57ec441ab9999a3fefb776b11/checkpoints/best_model.json,/Users/andrey/Documents/projects/UrbanFlow-AI/data/models/tls_all_intersections/runs/training_a6b0c2e57ec441ab9999a3fefb776b11,2026-06-27T19:34:14.872406+00:00
training:a6b0c2e57ec441ab9999a3fefb776b11,session:5405cb0d82b543368db587f5ef226833,all_intersections,80,0,60,1582.55078607504,1285.18342599584,0.67,0.667,40,/Users/andrey/Documents/projects/UrbanFlow-AI/data/models/tls_all_intersections/runs/training_a6b0c2e57ec441ab9999a3fefb776b11/checkpoints/best_model.json,/Users/andrey/Documents/projects/UrbanFlow-AI/data/models/tls_all_intersections/runs/training_a6b0c2e57ec441ab9999a3fefb776b11,2026-06-27T19:34:30.542950+00:00
training:a6b0c2e57ec441ab9999a3fefb776b11,session:5405cb0d82b543368db587f5ef226833,all_intersections,90,0,60,1582.55078607504,1305.433715882594,0.52,0.517,31,/Users/andrey/Documents/projects/UrbanFlow-AI/data/models/tls_all_intersections/runs/training_a6b0c2e57ec441ab9999a3fefb776b11/checkpoints/best_model.json,/Users/andrey/Documents/projects/UrbanFlow-AI/data/models/tls_all_intersections/runs/training_a6b0c2e57ec441ab9999a3fefb776b11,2026-06-27T19:34:54.154406+00:00
training:a6b0c2e57ec441ab9999a3fefb776b11,session:5405cb0d82b543368db587f5ef226833,all_intersections,100,0,60,1582.55078607504,1391.8885444142434,0.4,0.4,24,/Users/andrey/Documents/projects/UrbanFlow-AI/data/models/tls_all_intersections/runs/training_a6b0c2e57ec441ab9999a3fefb776b11/checkpoints/best_model.json,/Users/andrey/Documents/projects/UrbanFlow-AI/data/models/tls_all_intersections/runs/training_a6b0c2e57ec441ab9999a3fefb776b11,2026-06-27T19:35:09.934454+00:00
training:a6b0c2e57ec441ab9999a3fefb776b11,session:5405cb0d82b543368db587f5ef226833,all_intersections,110,0,60,1582.55078607504,1367.7659222912584,0.42,0.417,25,/Users/andrey/Documents/projects/UrbanFlow-AI/data/models/tls_all_intersections/runs/training_a6b0c2e57ec441ab9999a3fefb776b11/checkpoints/best_model.json,/Users/andrey/Documents/projects/UrbanFlow-AI/data/models/tls_all_intersections/runs/training_a6b0c2e57ec441ab9999a3fefb776b11,2026-06-27T19:35:34.506538+00:00
training:a6b0c2e57ec441ab9999a3fefb776b11,session:5405cb0d82b543368db587f5ef226833,all_intersections,120,0,60,1582.55078607504,1365.636914918053,0.45,0.45,27,/Users/andrey/Documents/projects/UrbanFlow-AI/data/models/tls_all_intersections/runs/training_a6b0c2e57ec441ab9999a3fefb776b11/checkpoints/best_model.json,/Users/andrey/Documents/projects/UrbanFlow-AI/data/models/tls_all_intersections/runs/training_a6b0c2e57ec441ab9999a3fefb776b11,2026-06-27T19:35:50.510238+00:00
training:a6b0c2e57ec441ab9999a3fefb776b11,session:5405cb0d82b543368db587f5ef226833,all_intersections,130,0,60,1582.55078607504,1383.2360299145816,0.5,0.5,30,/Users/andrey/Documents/projects/UrbanFlow-AI/data/models/tls_all_intersections/runs/training_a6b0c2e57ec441ab9999a3fefb776b11/checkpoints/best_model.json,/Users/andrey/Documents/projects/UrbanFlow-AI/data/models/tls_all_intersections/runs/training_a6b0c2e57ec441ab9999a3fefb776b11,2026-06-27T19:36:13.066131+00:00
training:a6b0c2e57ec441ab9999a3fefb776b11,session:5405cb0d82b543368db587f5ef226833,all_intersections,140,0,60,1582.55078607504,1409.3611354820928,0.55,0.55,33,/Users/andrey/Documents/projects/UrbanFlow-AI/data/models/tls_all_intersections/runs/training_a6b0c2e57ec441ab9999a3fefb776b11/checkpoints/best_model.json,/Users/andrey/Documents/projects/UrbanFlow-AI/data/models/tls_all_intersections/runs/training_a6b0c2e57ec441ab9999a3fefb776b11,2026-06-27T19:36:27.978243+00:00
training:a6b0c2e57ec441ab9999a3fefb776b11,session:5405cb0d82b543368db587f5ef226833,all_intersections,150,0,60,1582.55078607504,1343.7033126759286,0.56,0.556,30,/Users/andrey/Documents/projects/UrbanFlow-AI/data/models/tls_all_intersections/runs/training_a6b0c2e57ec441ab9999a3fefb776b11/checkpoints/best_model.json,/Users/andrey/Documents/projects/UrbanFlow-AI/data/models/tls_all_intersections/runs/training_a6b0c2e57ec441ab9999a3fefb776b11,2026-06-27T19:36:52.386971+00:00
training:a6b0c2e57ec441ab9999a3fefb776b11,session:5405cb0d82b543368db587f5ef226833,all_intersections,160,0,60,1582.55078607504,1333.2436471646868,0.63,0.633,38,/Users/andrey/Documents/projects/UrbanFlow-AI/data/models/tls_all_intersections/runs/training_a6b0c2e57ec441ab9999a3fefb776b11/checkpoints/best_model.json,/Users/andrey/Documents/projects/UrbanFlow-AI/data/models/tls_all_intersections/runs/training_a6b0c2e57ec441ab9999a3fefb776b11,2026-06-27T19:37:08.342815+00:00
training:a6b0c2e57ec441ab9999a3fefb776b11,session:5405cb0d82b543368db587f5ef226833,all_intersections,170,0,60,1582.55078607504,1357.541862697877,0.57,0.574,35,/Users/andrey/Documents/projects/UrbanFlow-AI/data/models/tls_all_intersections/runs/training_a6b0c2e57ec441ab9999a3fefb776b11/checkpoints/best_model.json,/Users/andrey/Documents/projects/UrbanFlow-AI/data/models/tls_all_intersections/runs/training_a6b0c2e57ec441ab9999a3fefb776b11,2026-06-27T19:37:34.365009+00:00
training:a6b0c2e57ec441ab9999a3fefb776b11,session:5405cb0d82b543368db587f5ef226833,all_intersections,180,0,60,1582.55078607504,1386.9867609233702,0.49,0.493,33,/Users/andrey/Documents/projects/UrbanFlow-AI/data/models/tls_all_intersections/runs/training_a6b0c2e57ec441ab9999a3fefb776b11/checkpoints/best_model.json,/Users/andrey/Documents/projects/UrbanFlow-AI/data/models/tls_all_intersections/runs/training_a6b0c2e57ec441ab9999a3fefb776b11,2026-06-27T19:37:50.451503+00:00
training:a6b0c2e57ec441ab9999a3fefb776b11,session:5405cb0d82b543368db587f5ef226833,all_intersections,190,0,60,1582.55078607504,1301.6278519020445,0.56,0.556,35,/Users/andrey/Documents/projects/UrbanFlow-AI/data/models/tls_all_intersections/runs/training_a6b0c2e57ec441ab9999a3fefb776b11/checkpoints/best_model.json,/Users/andrey/Documents/projects/UrbanFlow-AI/data/models/tls_all_intersections/runs/training_a6b0c2e57ec441ab9999a3fefb776b11,2026-06-27T19:38:15.545567+00:00
training:a6b0c2e57ec441ab9999a3fefb776b11,session:5405cb0d82b543368db587f5ef226833,all_intersections,200,0,60,1582.55078607504,1341.4301457096155,0.51,0.515,35,/Users/andrey/Documents/projects/UrbanFlow-AI/data/models/tls_all_intersections/runs/training_a6b0c2e57ec441ab9999a3fefb776b11/checkpoints/best_model.json,/Users/andrey/Documents/projects/UrbanFlow-AI/data/models/tls_all_intersections/runs/training_a6b0c2e57ec441ab9999a3fefb776b11,2026-06-27T19:38:31.821570+00:00
training:a6b0c2e57ec441ab9999a3fefb776b11,session:5405cb0d82b543368db587f5ef226833,all_intersections,210,0,60,1582.55078607504,1328.382448192409,0.54,0.544,37,/Users/andrey/Documents/projects/UrbanFlow-AI/data/models/tls_all_intersections/runs/training_a6b0c2e57ec441ab9999a3fefb776b11/checkpoints/best_model.json,/Users/andrey/Documents/projects/UrbanFlow-AI/data/models/tls_all_intersections/runs/training_a6b0c2e57ec441ab9999a3fefb776b11,2026-06-27T19:38:57.527160+00:00
training:a6b0c2e57ec441ab9999a3fefb776b11,session:5405cb0d82b543368db587f5ef226833,all_intersections,220,0,60,1582.55078607504,1340.2703565627648,0.58,0.58,40,/Users/andrey/Documents/projects/UrbanFlow-AI/data/models/tls_all_intersections/runs/training_a6b0c2e57ec441ab9999a3fefb776b11/checkpoints/best_model.json,/Users/andrey/Documents/projects/UrbanFlow-AI/data/models/tls_all_intersections/runs/training_a6b0c2e57ec441ab9999a3fefb776b11,2026-06-27T19:39:15.076937+00:00
training:a6b0c2e57ec441ab9999a3fefb776b11,session:5405cb0d82b543368db587f5ef226833,all_intersections,230,0,60,1582.55078607504,1370.5027462155324,0.53,0.529,37,/Users/andrey/Documents/projects/UrbanFlow-AI/data/models/tls_all_intersections/runs/training_a6b0c2e57ec441ab9999a3fefb776b11/checkpoints/best_model.json,/Users/andrey/Documents/projects/UrbanFlow-AI/data/models/tls_all_intersections/runs/training_a6b0c2e57ec441ab9999a3fefb776b11,2026-06-27T19:39:39.702405+00:00
training:a6b0c2e57ec441ab9999a3fefb776b11,session:5405cb0d82b543368db587f5ef226833,all_intersections,240,0,60,1582.55078607504,1348.7107867600841,0.44,0.443,31,/Users/andrey/Documents/projects/UrbanFlow-AI/data/models/tls_all_intersections/runs/training_a6b0c2e57ec441ab9999a3fefb776b11/checkpoints/best_model.json,/Users/andrey/Documents/projects/UrbanFlow-AI/data/models/tls_all_intersections/runs/training_a6b0c2e57ec441ab9999a3fefb776b11,2026-06-27T19:39:58.822986+00:00
training:a6b0c2e57ec441ab9999a3fefb776b11,session:5405cb0d82b543368db587f5ef226833,all_intersections,250,0,60,1582.55078607504,1357.1295875292217,0.52,0.522,36,/Users/andrey/Documents/projects/UrbanFlow-AI/data/models/tls_all_intersections/runs/training_a6b0c2e57ec441ab9999a3fefb776b11/checkpoints/best_model.json,/Users/andrey/Documents/projects/UrbanFlow-AI/data/models/tls_all_intersections/runs/training_a6b0c2e57ec441ab9999a3fefb776b11,2026-06-27T19:40:25.670571+00:00
training:a6b0c2e57ec441ab9999a3fefb776b11,session:5405cb0d82b543368db587f5ef226833,all_intersections,260,0,60,1582.55078607504,1311.9661662631966,0.52,0.522,36,/Users/andrey/Documents/projects/UrbanFlow-AI/data/models/tls_all_intersections/runs/training_a6b0c2e57ec441ab9999a3fefb776b11/checkpoints/best_model.json,/Users/andrey/Documents/projects/UrbanFlow-AI/data/models/tls_all_intersections/runs/training_a6b0c2e57ec441ab9999a3fefb776b11,2026-06-27T19:40:44.514065+00:00
training:a6b0c2e57ec441ab9999a3fefb776b11,session:5405cb0d82b543368db587f5ef226833,all_intersections,270,0,60,1582.55078607504,1341.292593052382,0.51,0.507,35,/Users/andrey/Documents/projects/UrbanFlow-AI/data/models/tls_all_intersections/runs/training_a6b0c2e57ec441ab9999a3fefb776b11/checkpoints/best_model.json,/Users/andrey/Documents/projects/UrbanFlow-AI/data/models/tls_all_intersections/runs/training_a6b0c2e57ec441ab9999a3fefb776b11,2026-06-27T19:41:14.728633+00:00
training:a6b0c2e57ec441ab9999a3fefb776b11,session:5405cb0d82b543368db587f5ef226833,all_intersections,280,0,60,1582.55078607504,1295.2667894381652,0.61,0.609,42,/Users/andrey/Documents/projects/UrbanFlow-AI/data/models/tls_all_intersections/runs/training_a6b0c2e57ec441ab9999a3fefb776b11/checkpoints/best_model.json,/Users/andrey/Documents/projects/UrbanFlow-AI/data/models/tls_all_intersections/runs/training_a6b0c2e57ec441ab9999a3fefb776b11,2026-06-27T19:41:44.434980+00:00
training:a6b0c2e57ec441ab9999a3fefb776b11,session:5405cb0d82b543368db587f5ef226833,all_intersections,290,0,60,1582.55078607504,1358.229259644076,0.49,0.493,33,/Users/andrey/Documents/projects/UrbanFlow-AI/data/models/tls_all_intersections/runs/training_a6b0c2e57ec441ab9999a3fefb776b11/checkpoints/best_model.json,/Users/andrey/Documents/projects/UrbanFlow-AI/data/models/tls_all_intersections/runs/training_a6b0c2e57ec441ab9999a3fefb776b11,2026-06-27T19:42:03.436796+00:00
training:a6b0c2e57ec441ab9999a3fefb776b11,session:5405cb0d82b543368db587f5ef226833,all_intersections,300,0,60,1582.55078607504,1269.3254015438038,0.64,0.643,45,/Users/andrey/Documents/projects/UrbanFlow-AI/data/models/tls_all_intersections/runs/training_a6b0c2e57ec441ab9999a3fefb776b11/checkpoints/best_model.json,/Users/andrey/Documents/projects/UrbanFlow-AI/data/models/tls_all_intersections/runs/training_a6b0c2e57ec441ab9999a3fefb776b11,2026-06-27T19:42:37.796741+00:00
training:a6b0c2e57ec441ab9999a3fefb776b11,session:5405cb0d82b543368db587f5ef226833,all_intersections,310,0,60,1582.55078607504,1288.489461411119,0.65,0.652,45,/Users/andrey/Documents/projects/UrbanFlow-AI/data/models/tls_all_intersections/runs/training_a6b0c2e57ec441ab9999a3fefb776b11/checkpoints/best_model.json,/Users/andrey/Documents/projects/UrbanFlow-AI/data/models/tls_all_intersections/runs/training_a6b0c2e57ec441ab9999a3fefb776b11,2026-06-27T19:43:04.561729+00:00
training:a6b0c2e57ec441ab9999a3fefb776b11,session:5405cb0d82b543368db587f5ef226833,all_intersections,320,0,60,1582.55078607504,1288.807511737296,0.6,0.603,41,/Users/andrey/Documents/projects/UrbanFlow-AI/data/models/tls_all_intersections/runs/training_a6b0c2e57ec441ab9999a3fefb776b11/checkpoints/best_model.json,/Users/andrey/Documents/projects/UrbanFlow-AI/data/models/tls_all_intersections/runs/training_a6b0c2e57ec441ab9999a3fefb776b11,2026-06-27T19:43:20.614185+00:00
training:a6b0c2e57ec441ab9999a3fefb776b11,session:5405cb0d82b543368db587f5ef226833,all_intersections,330,0,60,1582.55078607504,1319.193444527822,0.54,0.544,37,/Users/andrey/Documents/projects/UrbanFlow-AI/data/models/tls_all_intersections/runs/training_a6b0c2e57ec441ab9999a3fefb776b11/checkpoints/best_model.json,/Users/andrey/Documents/projects/UrbanFlow-AI/data/models/tls_all_intersections/runs/training_a6b0c2e57ec441ab9999a3fefb776b11,2026-06-27T19:43:44.895205+00:00
training:a6b0c2e57ec441ab9999a3fefb776b11,session:5405cb0d82b543368db587f5ef226833,all_intersections,340,0,60,1582.55078607504,1355.1090330634452,0.51,0.514,36,/Users/andrey/Documents/projects/UrbanFlow-AI/data/models/tls_all_intersections/runs/training_a6b0c2e57ec441ab9999a3fefb776b11/checkpoints/best_model.json,/Users/andrey/Documents/projects/UrbanFlow-AI/data/models/tls_all_intersections/runs/training_a6b0c2e57ec441ab9999a3fefb776b11,2026-06-27T19:44:00.849734+00:00
training:a6b0c2e57ec441ab9999a3fefb776b11,session:5405cb0d82b543368db587f5ef226833,all_intersections,350,0,60,1582.55078607504,1349.449690626847,0.51,0.515,35,/Users/andrey/Documents/projects/UrbanFlow-AI/data/models/tls_all_intersections/runs/training_a6b0c2e57ec441ab9999a3fefb776b11/checkpoints/best_model.json,/Users/andrey/Documents/projects/UrbanFlow-AI/data/models/tls_all_intersections/runs/training_a6b0c2e57ec441ab9999a3fefb776b11,2026-06-27T19:44:25.508997+00:00
training:a6b0c2e57ec441ab9999a3fefb776b11,session:5405cb0d82b543368db587f5ef226833,all_intersections,360,0,60,1582.55078607504,1263.9722127060827,0.64,0.64,48,/Users/andrey/Documents/projects/UrbanFlow-AI/data/models/tls_all_intersections/runs/training_a6b0c2e57ec441ab9999a3fefb776b11/checkpoints/best_model.json,/Users/andrey/Documents/projects/UrbanFlow-AI/data/models/tls_all_intersections/runs/training_a6b0c2e57ec441ab9999a3fefb776b11,2026-06-27T19:44:41.428094+00:00
training:a6b0c2e57ec441ab9999a3fefb776b11,session:5405cb0d82b543368db587f5ef226833,all_intersections,370,0,60,1582.55078607504,1334.2065590907441,0.48,0.479,34,/Users/andrey/Documents/projects/UrbanFlow-AI/data/models/tls_all_intersections/runs/training_a6b0c2e57ec441ab9999a3fefb776b11/checkpoints/best_model.json,/Users/andrey/Documents/projects/UrbanFlow-AI/data/models/tls_all_intersections/runs/training_a6b0c2e57ec441ab9999a3fefb776b11,2026-06-27T19:45:05.118859+00:00
training:a6b0c2e57ec441ab9999a3fefb776b11,session:5405cb0d82b543368db587f5ef226833,all_intersections,380,0,60,1582.55078607504,1275.974972923894,0.66,0.662,51,/Users/andrey/Documents/projects/UrbanFlow-AI/data/models/tls_all_intersections/runs/training_a6b0c2e57ec441ab9999a3fefb776b11/checkpoints/best_model.json,/Users/andrey/Documents/projects/UrbanFlow-AI/data/models/tls_all_intersections/runs/training_a6b0c2e57ec441ab9999a3fefb776b11,2026-06-27T19:45:20.897444+00:00
training:a6b0c2e57ec441ab9999a3fefb776b11,session:5405cb0d82b543368db587f5ef226833,all_intersections,390,0,60,1582.55078607504,1266.7593667613573,0.62,0.623,48,/Users/andrey/Documents/projects/UrbanFlow-AI/data/models/tls_all_intersections/runs/training_a6b0c2e57ec441ab9999a3fefb776b11/checkpoints/best_model.json,/Users/andrey/Documents/projects/UrbanFlow-AI/data/models/tls_all_intersections/runs/training_a6b0c2e57ec441ab9999a3fefb776b11,2026-06-27T19:45:46.080002+00:00
training:a6b0c2e57ec441ab9999a3fefb776b11,session:5405cb0d82b543368db587f5ef226833,all_intersections,400,0,60,1582.55078607504,1279.3307852151484,0.63,0.634,45,/Users/andrey/Documents/projects/UrbanFlow-AI/data/models/tls_all_intersections/runs/training_a6b0c2e57ec441ab9999a3fefb776b11/checkpoints/best_model.json,/Users/andrey/Documents/projects/UrbanFlow-AI/data/models/tls_all_intersections/runs/training_a6b0c2e57ec441ab9999a3fefb776b11,2026-06-27T19:46:02.153018+00:00
training:a6b0c2e57ec441ab9999a3fefb776b11,session:5405cb0d82b543368db587f5ef226833,all_intersections,410,0,60,1582.55078607504,1425.830132741159,0.32,0.324,24,/Users/andrey/Documents/projects/UrbanFlow-AI/data/models/tls_all_intersections/runs/training_a6b0c2e57ec441ab9999a3fefb776b11/checkpoints/best_model.json,/Users/andrey/Documents/projects/UrbanFlow-AI/data/models/tls_all_intersections/runs/training_a6b0c2e57ec441ab9999a3fefb776b11,2026-06-27T19:46:27.268198+00:00
training:a6b0c2e57ec441ab9999a3fefb776b11,session:5405cb0d82b543368db587f5ef226833,all_intersections,420,0,60,1582.55078607504,1360.307753734182,0.43,0.427,32,/Users/andrey/Documents/projects/UrbanFlow-AI/data/models/tls_all_intersections/runs/training_a6b0c2e57ec441ab9999a3fefb776b11/checkpoints/best_model.json,/Users/andrey/Documents/projects/UrbanFlow-AI/data/models/tls_all_intersections/runs/training_a6b0c2e57ec441ab9999a3fefb776b11,2026-06-27T19:46:43.144639+00:00
training:a6b0c2e57ec441ab9999a3fefb776b11,session:5405cb0d82b543368db587f5ef226833,all_intersections,430,0,60,1582.55078607504,1219.447311401771,0.72,0.711,54,/Users/andrey/Documents/projects/UrbanFlow-AI/data/models/tls_all_intersections/runs/training_a6b0c2e57ec441ab9999a3fefb776b11/checkpoints/best_model.json,/Users/andrey/Documents/projects/UrbanFlow-AI/data/models/tls_all_intersections/runs/training_a6b0c2e57ec441ab9999a3fefb776b11,2026-06-27T19:47:07.381982+00:00
training:a6b0c2e57ec441ab9999a3fefb776b11,session:5405cb0d82b543368db587f5ef226833,all_intersections,440,0,60,1582.55078607504,1328.3993105939478,0.48,0.467,35,/Users/andrey/Documents/projects/UrbanFlow-AI/data/models/tls_all_intersections/runs/training_a6b0c2e57ec441ab9999a3fefb776b11/checkpoints/best_model.json,/Users/andrey/Documents/projects/UrbanFlow-AI/data/models/tls_all_intersections/runs/training_a6b0c2e57ec441ab9999a3fefb776b11,2026-06-27T19:47:23.286252+00:00
training:a6b0c2e57ec441ab9999a3fefb776b11,session:5405cb0d82b543368db587f5ef226833,all_intersections,450,0,60,1582.55078607504,1292.7954710095983,0.59,0.592,45,/Users/andrey/Documents/projects/UrbanFlow-AI/data/models/tls_all_intersections/runs/training_a6b0c2e57ec441ab9999a3fefb776b11/checkpoints/best_model.json,/Users/andrey/Documents/projects/UrbanFlow-AI/data/models/tls_all_intersections/runs/training_a6b0c2e57ec441ab9999a3fefb776b11,2026-06-27T19:47:49.558272+00:00
training:a6b0c2e57ec441ab9999a3fefb776b11,session:5405cb0d82b543368db587f5ef226833,all_intersections,460,0,60,1582.55078607504,1337.342176124911,0.55,0.548,40,/Users/andrey/Documents/projects/UrbanFlow-AI/data/models/tls_all_intersections/runs/training_a6b0c2e57ec441ab9999a3fefb776b11/checkpoints/best_model.json,/Users/andrey/Documents/projects/UrbanFlow-AI/data/models/tls_all_intersections/runs/training_a6b0c2e57ec441ab9999a3fefb776b11,2026-06-27T19:48:06.473869+00:00
training:a6b0c2e57ec441ab9999a3fefb776b11,session:5405cb0d82b543368db587f5ef226833,all_intersections,470,0,60,1582.55078607504,1296.2266040088816,0.62,0.618,47,/Users/andrey/Documents/projects/UrbanFlow-AI/data/models/tls_all_intersections/runs/training_a6b0c2e57ec441ab9999a3fefb776b11/checkpoints/best_model.json,/Users/andrey/Documents/projects/UrbanFlow-AI/data/models/tls_all_intersections/runs/training_a6b0c2e57ec441ab9999a3fefb776b11,2026-06-27T19:48:32.577506+00:00
training:a6b0c2e57ec441ab9999a3fefb776b11,session:5405cb0d82b543368db587f5ef226833,all_intersections,480,0,60,1582.55078607504,1275.66958756773,0.58,0.575,42,/Users/andrey/Documents/projects/UrbanFlow-AI/data/models/tls_all_intersections/runs/training_a6b0c2e57ec441ab9999a3fefb776b11/checkpoints/best_model.json,/Users/andrey/Documents/projects/UrbanFlow-AI/data/models/tls_all_intersections/runs/training_a6b0c2e57ec441ab9999a3fefb776b11,2026-06-27T19:48:49.103240+00:00
training:a6b0c2e57ec441ab9999a3fefb776b11,session:5405cb0d82b543368db587f5ef226833,all_intersections,490,0,60,1582.55078607504,1280.5319967715973,0.57,0.568,42,/Users/andrey/Documents/projects/UrbanFlow-AI/data/models/tls_all_intersections/runs/training_a6b0c2e57ec441ab9999a3fefb776b11/checkpoints/best_model.json,/Users/andrey/Documents/projects/UrbanFlow-AI/data/models/tls_all_intersections/runs/training_a6b0c2e57ec441ab9999a3fefb776b11,2026-06-27T19:49:15.393383+00:00
training:a6b0c2e57ec441ab9999a3fefb776b11,session:5405cb0d82b543368db587f5ef226833,all_intersections,500,0,60,1582.55078607504,1265.4285789472963,0.61,0.611,44,/Users/andrey/Documents/projects/UrbanFlow-AI/data/models/tls_all_intersections/runs/training_a6b0c2e57ec441ab9999a3fefb776b11/checkpoints/best_model.json,/Users/andrey/Documents/projects/UrbanFlow-AI/data/models/tls_all_intersections/runs/training_a6b0c2e57ec441ab9999a3fefb776b11,2026-06-27T19:49:32.182425+00:00
training:a6b0c2e57ec441ab9999a3fefb776b11,session:5405cb0d82b543368db587f5ef226833,all_intersections,510,0,60,1582.55078607504,1299.8975012871185,0.56,0.56,42,/Users/andrey/Documents/projects/UrbanFlow-AI/data/models/tls_all_intersections/runs/training_a6b0c2e57ec441ab9999a3fefb776b11/checkpoints/best_model.json,/Users/andrey/Documents/projects/UrbanFlow-AI/data/models/tls_all_intersections/runs/training_a6b0c2e57ec441ab9999a3fefb776b11,2026-06-27T19:49:59.404449+00:00
training:a6b0c2e57ec441ab9999a3fefb776b11,session:5405cb0d82b543368db587f5ef226833,all_intersections,520,0,60,1582.55078607504,1278.2544785714601,0.6,0.603,44,/Users/andrey/Documents/projects/UrbanFlow-AI/data/models/tls_all_intersections/runs/training_a6b0c2e57ec441ab9999a3fefb776b11/checkpoints/best_model.json,/Users/andrey/Documents/projects/UrbanFlow-AI/data/models/tls_all_intersections/runs/training_a6b0c2e57ec441ab9999a3fefb776b11,2026-06-27T19:50:16.306040+00:00
training:a6b0c2e57ec441ab9999a3fefb776b11,session:5405cb0d82b543368db587f5ef226833,all_intersections,530,0,60,1582.55078607504,1301.993656291887,0.53,0.533,40,/Users/andrey/Documents/projects/UrbanFlow-AI/data/models/tls_all_intersections/runs/training_a6b0c2e57ec441ab9999a3fefb776b11/checkpoints/best_model.json,/Users/andrey/Documents/projects/UrbanFlow-AI/data/models/tls_all_intersections/runs/training_a6b0c2e57ec441ab9999a3fefb776b11,2026-06-27T19:50:42.771520+00:00
training:a6b0c2e57ec441ab9999a3fefb776b11,session:5405cb0d82b543368db587f5ef226833,all_intersections,540,0,60,1582.55078607504,1278.840935925362,0.54,0.537,43,/Users/andrey/Documents/projects/UrbanFlow-AI/data/models/tls_all_intersections/runs/training_a6b0c2e57ec441ab9999a3fefb776b11/checkpoints/best_model.json,/Users/andrey/Documents/projects/UrbanFlow-AI/data/models/tls_all_intersections/runs/training_a6b0c2e57ec441ab9999a3fefb776b11,2026-06-27T19:50:59.075834+00:00
training:a6b0c2e57ec441ab9999a3fefb776b11,session:5405cb0d82b543368db587f5ef226833,all_intersections,550,0,60,1582.55078607504,1344.4954253992526,0.47,0.475,38,/Users/andrey/Documents/projects/UrbanFlow-AI/data/models/tls_all_intersections/runs/training_a6b0c2e57ec441ab9999a3fefb776b11/checkpoints/best_model.json,/Users/andrey/Documents/projects/UrbanFlow-AI/data/models/tls_all_intersections/runs/training_a6b0c2e57ec441ab9999a3fefb776b11,2026-06-27T19:51:24.975479+00:00
training:a6b0c2e57ec441ab9999a3fefb776b11,session:5405cb0d82b543368db587f5ef226833,all_intersections,560,0,60,1582.55078607504,1326.9444697152314,0.44,0.443,35,/Users/andrey/Documents/projects/UrbanFlow-AI/data/models/tls_all_intersections/runs/training_a6b0c2e57ec441ab9999a3fefb776b11/checkpoints/best_model.json,/Users/andrey/Documents/projects/UrbanFlow-AI/data/models/tls_all_intersections/runs/training_a6b0c2e57ec441ab9999a3fefb776b11,2026-06-27T19:51:42.172305+00:00
training:a6b0c2e57ec441ab9999a3fefb776b11,session:5405cb0d82b543368db587f5ef226833,all_intersections,570,0,60,1582.55078607504,1255.7595747392393,0.58,0.578,48,/Users/andrey/Documents/projects/UrbanFlow-AI/data/models/tls_all_intersections/runs/training_a6b0c2e57ec441ab9999a3fefb776b11/checkpoints/best_model.json,/Users/andrey/Documents/projects/UrbanFlow-AI/data/models/tls_all_intersections/runs/training_a6b0c2e57ec441ab9999a3fefb776b11,2026-06-27T19:52:14.151073+00:00
training:a6b0c2e57ec441ab9999a3fefb776b11,session:5405cb0d82b543368db587f5ef226833,all_intersections,580,0,60,1582.55078607504,1267.4256681805914,0.57,0.573,47,/Users/andrey/Documents/projects/UrbanFlow-AI/data/models/tls_all_intersections/runs/training_a6b0c2e57ec441ab9999a3fefb776b11/checkpoints/best_model.json,/Users/andrey/Documents/projects/UrbanFlow-AI/data/models/tls_all_intersections/runs/training_a6b0c2e57ec441ab9999a3fefb776b11,2026-06-27T19:52:45.660363+00:00
training:a6b0c2e57ec441ab9999a3fefb776b11,session:5405cb0d82b543368db587f5ef226833,all_intersections,590,0,60,1582.55078607504,1237.1980694017207,0.65,0.653,49,/Users/andrey/Documents/projects/UrbanFlow-AI/data/models/tls_all_intersections/runs/training_a6b0c2e57ec441ab9999a3fefb776b11/checkpoints/best_model.json,/Users/andrey/Documents/projects/UrbanFlow-AI/data/models/tls_all_intersections/runs/training_a6b0c2e57ec441ab9999a3fefb776b11,2026-06-27T19:55:42.222567+00:00
